{
    "loss": 0.24235226213932037,
    "accuracy": 0.970588207244873
}