{
    "loss": 11.840954780578613,
    "accuracy": 0.5441176295280457
}